<?xml version="1.0" encoding="UTF-8"?>
<CustomField xmlns="http://soap.sforce.com/2006/04/metadata">
    <fullName>AllowedFields__c</fullName>
    <description>JSON array of field API names that are allowed to be displayed and edited. Example: [&quot;Name&quot;,&quot;Amount&quot;,&quot;CloseDate&quot;,&quot;StageName&quot;]</description>
    <fieldManageability>DeveloperControlled</fieldManageability>
    <label>Allowed Fields</label>
    <length>32768</length>
    <type>LongTextArea</type>
    <visibleLines>5</visibleLines>
</CustomField>
