<?xml version="1.0" encoding="UTF-8"?>
<CustomField xmlns="http://soap.sforce.com/2006/04/metadata">
    <fullName>ConfigProfile__c</fullName>
    <description>The name of the parent configuration profile (e.g., &quot;Sales_Config&quot;, &quot;Default&quot;). Links this object config to a specific MT_VoiceAssistantConfig__mdt record.</description>
    <externalId>false</externalId>
    <fieldManageability>DeveloperControlled</fieldManageability>
    <label>Configuration Profile</label>
    <length>255</length>
    <required>true</required>
    <type>Text</type>
    <unique>false</unique>
</CustomField>
