<?xml version="1.0" encoding="UTF-8"?>
<CustomField xmlns="http://soap.sforce.com/2006/04/metadata">
    <fullName>ObjectApiName__c</fullName>
    <description>The API name of the Salesforce object (e.g., &quot;Opportunity&quot;, &quot;Contact&quot;, &quot;Task&quot;).</description>
    <externalId>false</externalId>
    <fieldManageability>DeveloperControlled</fieldManageability>
    <label>Object API Name</label>
    <length>255</length>
    <required>true</required>
    <type>Text</type>
    <unique>false</unique>
</CustomField>
