<?xml version="1.0" encoding="UTF-8"?>
<CustomField xmlns="http://soap.sforce.com/2006/04/metadata">
    <fullName>OpenAI_API_Key__c</fullName>
    <description>OpenAI API key for Whisper transcription. Store your key here if not using External Credentials.</description>
    <externalId>false</externalId>
    <label>OpenAI API Key</label>
    <length>255</length>
    <required>false</required>
    <trackTrending>false</trackTrending>
    <type>Text</type>
    <unique>false</unique>
</CustomField>
