<?xml version="1.0" encoding="UTF-8"?>
<CustomMetadata xmlns="http://soap.sforce.com/2006/04/metadata" xmlns:xsi="http://www.w3.org/2001/XMLSchema-instance" xmlns:xsd="http://www.w3.org/2001/XMLSchema">
    <label>No Shipping</label>
    <protected>false</protected>
    <values>
        <field>Active__c</field>
        <value xsi:type="xsd:boolean">false</value>
    </values>
    <values>
        <field>Default__c</field>
        <value xsi:type="xsd:boolean">false</value>
    </values>
    <values>
        <field>Description__c</field>
        <value xsi:type="xsd:string">No Shipping Charge</value>
    </values>
    <values>
        <field>Other_Cost__c</field>
        <value xsi:type="xsd:double">0.0</value>
    </values>
    <values>
        <field>Provider_Name__c</field>
        <value xsi:type="xsd:string">None</value>
    </values>
    <values>
        <field>Service_Code__c</field>
        <value xsi:type="xsd:string">FREE</value>
    </values>
    <values>
        <field>Shipment_Cost__c</field>
        <value xsi:type="xsd:double">0.0</value>
    </values>
</CustomMetadata>
