<?xml version="1.0" encoding="UTF-8"?>
<CustomMetadata xmlns="http://soap.sforce.com/2006/04/metadata" xmlns:xsi="http://www.w3.org/2001/XMLSchema-instance" xmlns:xsd="http://www.w3.org/2001/XMLSchema">
    <label>Default</label>
    <protected>false</protected>
    <values>
        <field>Active__c</field>
        <value xsi:type="xsd:boolean">true</value>
    </values>
    <values>
        <field>Country__c</field>
        <value xsi:type="xsd:string">*</value>
    </values>
    <values>
        <field>Default__c</field>
        <value xsi:type="xsd:boolean">false</value>
    </values>
    <values>
        <field>Rate__c</field>
        <value xsi:type="xsd:double">0.05</value>
    </values>
    <values>
        <field>State_Province__c</field>
        <value xsi:type="xsd:string">*</value>
    </values>
</CustomMetadata>
