<?xml version="1.0" encoding="UTF-8"?>
<CustomMetadata xmlns="http://soap.sforce.com/2006/04/metadata" xmlns:xsi="http://www.w3.org/2001/XMLSchema-instance" xmlns:xsd="http://www.w3.org/2001/XMLSchema">
    <label>UPS 4 hours</label>
    <protected>false</protected>
    <values>
        <field>Active__c</field>
        <value xsi:type="xsd:boolean">true</value>
    </values>
    <values>
        <field>Default__c</field>
        <value xsi:type="xsd:boolean">false</value>
    </values>
    <values>
        <field>Description__c</field>
        <value xsi:type="xsd:string">4 hours</value>
    </values>
    <values>
        <field>Other_Cost__c</field>
        <value xsi:type="xsd:double">1.99</value>
    </values>
    <values>
        <field>Provider_Name__c</field>
        <value xsi:type="xsd:string">UPS</value>
    </values>
    <values>
        <field>Service_Code__c</field>
        <value xsi:type="xsd:string">UPDS4H</value>
    </values>
    <values>
        <field>Shipment_Cost__c</field>
        <value xsi:type="xsd:double">16.99</value>
    </values>
</CustomMetadata>
