<?xml version="1.0" encoding="UTF-8"?>
<CustomMetadata xmlns="http://soap.sforce.com/2006/04/metadata" xmlns:xsi="http://www.w3.org/2001/XMLSchema-instance" xmlns:xsd="http://www.w3.org/2001/XMLSchema">
    <label>Cache Config</label>
    <protected>false</protected>
    <values>
        <field>OrgCacheTTL__c</field>
        <value xsi:type="xsd:double">86400.0</value>
    </values>
    <values>
        <field>SessionCacheTTL__c</field>
        <value xsi:type="xsd:double">1800.0</value>
    </values>
</CustomMetadata>
