<?xml version="1.0" encoding="UTF-8"?>
<CustomMetadata xmlns="http://soap.sforce.com/2006/04/metadata" xmlns:xsi="http://www.w3.org/2001/XMLSchema-instance" xmlns:xsd="http://www.w3.org/2001/XMLSchema">
    <label>Default - Opportunity</label>
    <protected>false</protected>
    <values>
        <field>AllowCreate__c</field>
        <value xsi:type="xsd:boolean">true</value>
    </values>
    <values>
        <field>AllowEdit__c</field>
        <value xsi:type="xsd:boolean">true</value>
    </values>
    <values>
        <field>AllowedFields__c</field>
        <value xsi:type="xsd:string">[&quot;Name&quot;,&quot;Amount&quot;,&quot;CloseDate&quot;,&quot;StageName&quot;,&quot;Description&quot;,&quot;NextStep&quot;,&quot;Probability&quot;,&quot;LeadSource&quot;,&quot;Type&quot;]</value>
    </values>
    <values>
        <field>ConfigProfile__c</field>
        <value xsi:type="xsd:string">Default</value>
    </values>
    <values>
        <field>MandatoryFields__c</field>
        <value xsi:type="xsd:string">[&quot;Name&quot;,&quot;Amount&quot;,&quot;CloseDate&quot;,&quot;StageName&quot;]</value>
    </values>
    <values>
        <field>ObjectApiName__c</field>
        <value xsi:type="xsd:string">Opportunity</value>
    </values>
</CustomMetadata>
