<?xml version="1.0" encoding="UTF-8"?>
<CustomMetadata xmlns="http://soap.sforce.com/2006/04/metadata" xmlns:xsi="http://www.w3.org/2001/XMLSchema-instance" xmlns:xsd="http://www.w3.org/2001/XMLSchema">
    <label>Default</label>
    <protected>false</protected>
    <values>
        <field>Description__c</field>
        <value xsi:type="xsd:string">Default configuration using Einstein Transcribe for speech-to-text with multi-modal image input enabled. This is the fallback configuration when no specific profile is selected.</value>
    </values>
    <values>
        <field>EinsteinNamedCredential__c</field>
        <value xsi:type="xsd:string">mt_EinsteinTranscribe</value>
    </values>
    <values>
        <field>EnableImageInput__c</field>
        <value xsi:type="xsd:boolean">true</value>
    </values>
    <values>
        <field>IsActive__c</field>
        <value xsi:type="xsd:boolean">true</value>
    </values>
    <values>
        <field>PromptTemplateName__c</field>
        <value xsi:type="xsd:string">MT_Voice_Record_Suggestion</value>
    </values>
    <values>
        <field>ShowProviderSelector__c</field>
        <value xsi:type="xsd:boolean">false</value>
    </values>
    <values>
        <field>TranscriptionProvider__c</field>
        <value xsi:type="xsd:string">Einstein</value>
    </values>
    <values>
        <field>WhisperModel__c</field>
        <value xsi:type="xsd:string">whisper-1</value>
    </values>
    <values>
        <field>WhisperNamedCredential__c</field>
        <value xsi:type="xsd:string">mt_OpenAI_Whisper</value>
    </values>
</CustomMetadata>
