<?xml version="1.0" encoding="UTF-8"?>
<CustomMetadata xmlns="http://soap.sforce.com/2006/04/metadata" xmlns:xsi="http://www.w3.org/2001/XMLSchema-instance" xmlns:xsd="http://www.w3.org/2001/XMLSchema">
    <label>QBrix-3-CRMA-ServiceSalesAnalytics</label>
    <protected>true</protected>
    <values>
        <field>xDO_Content_Type__c</field>
        <value xsi:type="xsd:string">Metadata_and_Record_Data</value>
    </values>
    <values>
        <field>xDO_Description__c</field>
        <value xsi:type="xsd:string">WHO: Q NextGen | Jesse Chase
                    WHAT: This includes the Service Analytics CRMA Template and supporting assets
                    WHEN: November 2022</value>
    </values>
    <values>
        <field>xDO_Documentation_Link__c</field>
        <value xsi:type="xsd:string">https://confluence.internal.salesforce.com/pages/viewpage.action?pageId=487362018</value>
    </values>
    <values>
        <field>xDO_Publisher__c</field>
        <value xsi:type="xsd:string">Q NextGen | Jesse Chase</value>
    </values>
    <values>
        <field>xDO_Repository_URL__c</field>
        <value xsi:type="xsd:string">https://github.com/sfdc-qbranch-emu/QBrix-3-CRMA-ServiceAnalytics</value>
    </values>
    <values>
        <field>xDO_Type__c</field>
        <value xsi:type="xsd:string">Base xDO Component</value>
    </values>
    <values>
        <field>xDO_Version__c</field>
        <value xsi:type="xsd:string">5c8a3740c7ba235e122f7d81a7e1a8dcdc5cc275</value>
    </values>
</CustomMetadata>
