<?xml version="1.0" encoding="UTF-8"?>
<CustomMetadata xmlns="http://soap.sforce.com/2006/04/metadata" xmlns:xsi="http://www.w3.org/2001/XMLSchema-instance" xmlns:xsd="http://www.w3.org/2001/XMLSchema">
    <label>Mixpanel Events</label>
    <protected>false</protected>
    <values>
        <field>Batch_Size__c</field>
        <value xsi:type="xsd:double">50.0</value>
    </values>
    <values>
        <field>Client_Type__c</field>
        <value xsi:type="xsd:string">XDO_Tool_MixpanelClient</value>
    </values>
    <values>
        <field>Entry_Stage__c</field>
        <value xsi:type="xsd:string">New</value>
    </values>
    <values>
        <field>Exit_Stage__c</field>
        <value xsi:type="xsd:string">Mixpanel Event</value>
    </values>
    <values>
        <field>Is_Schedulable__c</field>
        <value xsi:type="xsd:boolean">true</value>
    </values>
    <values>
        <field>Job_Name__c</field>
        <value xsi:type="xsd:string">xDO Tool - Mixpanel Events - ({0} - {1})</value>
    </values>
    <values>
        <field>Last_Notification_Time__c</field>
        <value xsi:type="xsd:dateTime">2024-01-30T07:05:59.000Z</value>
    </values>
    <values>
        <field>Named_Credential__c</field>
        <value xsi:type="xsd:string">Mixpanel_Import_Ingestion_Api</value>
    </values>
    <values>
        <field>Notification_Emails__c</field>
        <value xsi:type="xsd:string">plucas@salesforce.com</value>
    </values>
    <values>
        <field>Project_Id__c</field>
        <value xsi:type="xsd:string">906739</value>
    </values>
    <values>
        <field>Project_Name__c</field>
        <value xsi:type="xsd:string">Q Branch Prod</value>
    </values>
    <values>
        <field>Project_Token__c</field>
        <value xsi:nil="true"/>
    </values>
    <values>
        <field>Queueable_Type__c</field>
        <value xsi:type="xsd:string">XDO_Tool_TrackingEventSync</value>
    </values>
    <values>
        <field>Schedule_Interval__c</field>
        <value xsi:type="xsd:double">3.0</value>
    </values>
</CustomMetadata>
