<?xml version="1.0" encoding="UTF-8"?>
<CustomMetadata xmlns="http://soap.sforce.com/2006/04/metadata" xmlns:xsi="http://www.w3.org/2001/XMLSchema-instance" xmlns:xsd="http://www.w3.org/2001/XMLSchema">
    <label>QBrix-1-xDO-ASLM</label>
    <protected>true</protected>
    <values>
        <field>xDO_Content_Type__c</field>
        <value xsi:type="xsd:string">Metadata_and_Record_Data</value>
    </values>
    <values>
        <field>xDO_Description__c</field>
        <value xsi:type="xsd:string">WHO: Chanakya Puranam
                        WHAT: SHORT DESCRIPTION OF BRIX HERE
                        WHEN: August 2025</value>
    </values>
    <values>
        <field>xDO_Documentation_Link__c</field>
        <value xsi:type="xsd:string">https://qlabs-org.my.site.com/qverse/s/</value>
    </values>
    <values>
        <field>xDO_Publisher__c</field>
        <value xsi:type="xsd:string">Chanakya Puranam</value>
    </values>
    <values>
        <field>xDO_Repository_URL__c</field>
        <value xsi:type="xsd:string">https://github.com/sfdc-qbranch-emu/QBrix-1-xDO-ASLM</value>
    </values>
    <values>
        <field>xDO_Type__c</field>
        <value xsi:type="xsd:string">Base xDO Component</value>
    </values>
    <values>
        <field>xDO_Version__c</field>
        <value xsi:type="xsd:string">03babc4002e0b8bf39b039ae43306fbcabbdaa18</value>
    </values>
</CustomMetadata>
