<?xml version="1.0" encoding="UTF-8"?>
<CustomMetadata xmlns="http://soap.sforce.com/2006/04/metadata" xmlns:xsi="http://www.w3.org/2001/XMLSchema-instance" xmlns:xsd="http://www.w3.org/2001/XMLSchema">
    <label>QBrix-4-Data-SDOScheduler</label>
    <protected>true</protected>
    <values>
        <field>xDO_Content_Type__c</field>
        <value xsi:type="xsd:string">Metadata_and_Record_Data</value>
    </values>
    <values>
        <field>xDO_Description__c</field>
        <value xsi:type="xsd:string">WHO: Jory Dean
                        WHAT: This includes the dataset for Salesforce Scheduler
                        WHEN: October 2025</value>
    </values>
    <values>
        <field>xDO_Documentation_Link__c</field>
        <value xsi:type="xsd:string">https://confluence.internal.salesforce.com/pages/viewpage.action?pageId=487362018</value>
    </values>
    <values>
        <field>xDO_Publisher__c</field>
        <value xsi:type="xsd:string">Jory Dean</value>
    </values>
    <values>
        <field>xDO_Repository_URL__c</field>
        <value xsi:type="xsd:string">https://github.com/sfdc-qbranch-emu/QBrix-4-Data-SDOScheduler</value>
    </values>
    <values>
        <field>xDO_Type__c</field>
        <value xsi:type="xsd:string">Base xDO Component</value>
    </values>
    <values>
        <field>xDO_Version__c</field>
        <value xsi:type="xsd:string">137cb974cfbb865105f287169aa49c0f43a16bc7</value>
    </values>
</CustomMetadata>
