<?xml version="1.0" encoding="UTF-8"?>
<ExternalCredential xmlns="http://soap.sforce.com/2006/04/metadata">
    <authenticationProtocol>Custom</authenticationProtocol>
    <externalCredentialParameters>
        <parameterGroup>AutDetails</parameterGroup>
        <parameterName>AutDetails</parameterName>
        <parameterType>NamedPrincipal</parameterType>
        <sequenceNumber>1</sequenceNumber>
    </externalCredentialParameters>
    <externalCredentialParameters>
        <parameterGroup>DefaultGroup</parameterGroup>
        <parameterName>Authorization</parameterName>
        <parameterType>AuthHeader</parameterType>
        <parameterValue>{!&apos;Basic &apos; &amp; BASE64ENCODE(BLOB($Credential.mt_EinsteinTranscribe.client_id&amp; &apos;:&apos; &amp; $Credential.mt_EinsteinTranscribe.client_secret))}</parameterValue>
        <sequenceNumber>1</sequenceNumber>
    </externalCredentialParameters>
    <label>MT Einstein Transcribe API</label>
</ExternalCredential>
