<?xml version="1.0" encoding="UTF-8"?>
<ExternalCredential xmlns="http://soap.sforce.com/2006/04/metadata">
    <authenticationProtocol>Custom</authenticationProtocol>
    <externalCredentialParameters>
        <parameterGroup>AutDetails</parameterGroup>
        <parameterName>AutDetails</parameterName>
        <parameterType>NamedPrincipal</parameterType>
        <sequenceNumber>1</sequenceNumber>
    </externalCredentialParameters>
    <externalCredentialParameters>
        <parameterGroup>DefaultGroup</parameterGroup>
        <parameterName>Authorization</parameterName>
        <parameterType>AuthHeader</parameterType>
        <parameterValue>{!&apos;Bearer &apos; &amp; $Credential.mt_OpenAI_Whisper.api_key}</parameterValue>
        <sequenceNumber>1</sequenceNumber>
    </externalCredentialParameters>
    <label>MT OpenAI Whisper API</label>
</ExternalCredential>
