<?xml version="1.0" encoding="UTF-8"?>
<CustomField xmlns="http://soap.sforce.com/2006/04/metadata">
    <fullName>EinsteinNamedCredential__c</fullName>
    <defaultValue>&quot;mt_EinsteinTranscribe&quot;</defaultValue>
    <description>Named Credential to use for Einstein Transcribe API calls</description>
    <externalId>false</externalId>
    <fieldManageability>DeveloperControlled</fieldManageability>
    <label>Einstein Named Credential</label>
    <length>255</length>
    <required>false</required>
    <type>Text</type>
    <unique>false</unique>
</CustomField>
