<?xml version="1.0" encoding="UTF-8"?>
<CustomField xmlns="http://soap.sforce.com/2006/04/metadata">
    <fullName>EnableImageInput__c</fullName>
    <defaultValue>false</defaultValue>
    <description>Enable multi-modal AI features - allows users to upload images and files alongside voice transcription. When enabled, users can attach business cards, whiteboard photos, handwritten notes, etc. for AI analysis.</description>
    <fieldManageability>DeveloperControlled</fieldManageability>
    <inlineHelpText>Enable image/file upload for multi-modal AI processing</inlineHelpText>
    <label>Enable Image Input</label>
    <type>Checkbox</type>
</CustomField>
