<?xml version="1.0" encoding="UTF-8"?>
<CustomField xmlns="http://soap.sforce.com/2006/04/metadata">
    <fullName>ShowProviderSelector__c</fullName>
    <defaultValue>false</defaultValue>
    <description>When enabled, shows a dropdown in the transcription component that allows users to switch between Einstein Transcribe and OpenAI Whisper on the fly. Useful for testing or when both providers are configured.</description>
    <fieldManageability>DeveloperControlled</fieldManageability>
    <inlineHelpText>Allow users to select transcription provider (Einstein or Whisper)</inlineHelpText>
    <label>Show Provider Selector</label>
    <type>Checkbox</type>
</CustomField>
