<?xml version="1.0" encoding="UTF-8"?>
<CustomField xmlns="http://soap.sforce.com/2006/04/metadata">
    <fullName>WhisperModel__c</fullName>
    <description>OpenAI Whisper model to use for transcription</description>
    <fieldManageability>DeveloperControlled</fieldManageability>
    <label>Whisper Model</label>
    <required>false</required>
    <type>Picklist</type>
    <valueSet>
        <restricted>true</restricted>
        <valueSetDefinition>
            <sorted>false</sorted>
            <value>
                <fullName>whisper-1</fullName>
                <default>true</default>
                <label>whisper-1</label>
            </value>
        </valueSetDefinition>
    </valueSet>
</CustomField>
