<?xml version="1.0" encoding="UTF-8"?>
<PermissionSet xmlns="http://soap.sforce.com/2006/04/metadata">
    <customMetadataTypeAccesses>
        <enabled>true</enabled>
        <name>MT_VoiceAssistantConfig__mdt</name>
    </customMetadataTypeAccesses>
    <customPermissions>
        <enabled>true</enabled>
        <name>mt_VoiceAssistant_Admin</name>
    </customPermissions>
    <customSettingAccesses>
        <enabled>true</enabled>
        <name>MT_VoiceAssistantSecrets__c</name>
    </customSettingAccesses>
    <description>Grants access to MT Voice Assistant Admin settings and configuration management</description>
    <hasActivationRequired>false</hasActivationRequired>
    <label>MT Voice Assistant Admin</label>
    <license>Salesforce</license>
    <tabSettings>
        <tab>MT_Voice_Assistant_Settings</tab>
        <visibility>Visible</visibility>
    </tabSettings>
</PermissionSet>
