<?xml version="1.0" encoding="UTF-8"?>
<CspTrustedSite xmlns="http://soap.sforce.com/2006/04/metadata">
    <canAccessCamera>false</canAccessCamera>
    <canAccessMicrophone>false</canAccessMicrophone>
    <context>All</context>
    <endpointUrl>https://api.salesforce.com</endpointUrl>
    <isActive>true</isActive>
    <isApplicableToConnectSrc>true</isApplicableToConnectSrc>
    <isApplicableToFontSrc>false</isApplicableToFontSrc>
    <isApplicableToFrameSrc>false</isApplicableToFrameSrc>
    <isApplicableToImgSrc>false</isApplicableToImgSrc>
    <isApplicableToMediaSrc>false</isApplicableToMediaSrc>
    <isApplicableToStyleSrc>false</isApplicableToStyleSrc>
</CspTrustedSite>
