<?xml version="1.0" encoding="UTF-8"?>
<ConnectedApp xmlns="http://soap.sforce.com/2006/04/metadata">
    <contactEmail>mtietze@salesforce.com</contactEmail>
    <label>MT Einstein Transcribe</label>
    <oauthConfig>
        <callbackUrl>https://localhost</callbackUrl>
        <isAdminApproved>false</isAdminApproved>
        <isClientCredentialEnabled>true</isClientCredentialEnabled>
        <isCodeCredentialEnabled>false</isCodeCredentialEnabled>
        <isCodeCredentialPostOnly>false</isCodeCredentialPostOnly>
        <isConsumerSecretOptional>false</isConsumerSecretOptional>
        <isIntrospectAllTokens>false</isIntrospectAllTokens>
        <isNamedUserJwtEnabled>true</isNamedUserJwtEnabled>
        <isPkceRequired>true</isPkceRequired>
        <isRefreshTokenRotationEnabled>false</isRefreshTokenRotationEnabled>
        <isSecretRequiredForRefreshToken>true</isSecretRequiredForRefreshToken>
        <isSecretRequiredForTokenExchange>false</isSecretRequiredForTokenExchange>
        <isTokenExchangeEnabled>false</isTokenExchangeEnabled>
        <oauthClientCredentialUser>storm.2c0165fbb0184d@salesforce.com</oauthClientCredentialUser>
        <scopes>SFAP</scopes>
    </oauthConfig>
    <oauthPolicy>
        <ipRelaxation>ENFORCE</ipRelaxation>
        <isTokenExchangeFlowEnabled>false</isTokenExchangeFlowEnabled>
        <refreshTokenPolicy>zero</refreshTokenPolicy>
    </oauthPolicy>
</ConnectedApp>
