<?xml version="1.0" encoding="UTF-8"?>
<NamedCredential xmlns="http://soap.sforce.com/2006/04/metadata">
    <allowMergeFieldsInBody>true</allowMergeFieldsInBody>
    <allowMergeFieldsInHeader>true</allowMergeFieldsInHeader>
    <calloutStatus>Enabled</calloutStatus>
    <generateAuthorizationHeader>true</generateAuthorizationHeader>
    <label>MT Einstein Transcribe</label>
    <namedCredentialParameters>
        <parameterName>Url</parameterName>
        <parameterType>Url</parameterType>
        <parameterValue>https://REPLACE-WITH-YOUR-MY-DOMAIN.my.salesforce.com</parameterValue>
    </namedCredentialParameters>
    <namedCredentialParameters>
        <externalCredential>mt_EinsteinTranscribe</externalCredential>
        <parameterName>ExternalCredential</parameterName>
        <parameterType>Authentication</parameterType>
    </namedCredentialParameters>
    <namedCredentialType>SecuredEndpoint</namedCredentialType>
</NamedCredential>
