<?xml version="1.0" encoding="UTF-8"?>
<NamedCredential xmlns="http://soap.sforce.com/2006/04/metadata">
    <allowMergeFieldsInBody>true</allowMergeFieldsInBody>
    <allowMergeFieldsInHeader>true</allowMergeFieldsInHeader>
    <calloutStatus>Enabled</calloutStatus>
    <generateAuthorizationHeader>true</generateAuthorizationHeader>
    <label>MT OpenAI Whisper</label>
    <namedCredentialParameters>
        <parameterName>Url</parameterName>
        <parameterType>Url</parameterType>
        <parameterValue>https://api.openai.com</parameterValue>
    </namedCredentialParameters>
    <namedCredentialParameters>
        <externalCredential>mt_OpenAI_Whisper</externalCredential>
        <parameterName>ExternalCredential</parameterName>
        <parameterType>Authentication</parameterType>
    </namedCredentialParameters>
    <namedCredentialType>SecuredEndpoint</namedCredentialType>
</NamedCredential>
